Loan_ID,Customer,Date,Gender,Married,Dependents,Age,Application_Type,Education,Self_Employed,ApplicantIncome,CoapplicantIncome,LoanAmount,Loan_Amount_Term,Credit_History,Property_Area,Application_Number,Amount_Requested,Loan_Status
LP001002,C001,1/1/2022,Male,No,0,28,Loan,Graduate,No,5849,0,,360,1,Urban,LP001002,,Y
LP001003,C002,1/2/2022,Male,Yes,1,28,Loan,Graduate,No,4583,1508,128,360,1,Rural,LP001003,128,N
LP001005,C003,1/3/2022,Male,Yes,0,25,Loan,Graduate,Yes,3000,0,66,360,1,Urban,LP001005,66,Y
LP001006,C004,1/4/2022,Male,Yes,0,32,Loan,Not Graduate,No,2583,2358,120,360,1,Urban,LP001006,120,Y
LP001008,C005,1/5/2022,Male,No,0,43,Loan,Graduate,No,6000,0,141,360,1,Urban,LP001008,141,Y
LP001011,C006,1/6/2022,Male,Yes,2,22,Loan,Graduate,Yes,5417,4196,267,360,1,Urban,LP001011,267,Y
LP001013,C007,1/7/2022,Male,Yes,0,18,Loan,Not Graduate,No,2333,1516,95,360,1,Urban,LP001013,95,Y
LP001014,C008,1/8/2022,Male,Yes,4,,Loan,Graduate,No,3036,2504,158,360,0,Semiurban,LP001014,158,N
LP001018,C009,1/9/2022,Male,Yes,2,,Loan,Graduate,No,4006,1526,168,360,1,Urban,LP001018,168,Y
LP001020,C010,1/10/2022,Male,Yes,1,,Loan,Graduate,No,12841,10968,349,360,1,Semiurban,LP001020,349,N
LP001024,C011,1/11/2022,Male,Yes,2,,Loan,Graduate,No,3200,700,70,360,1,Urban,LP001024,70,Y
LP001027,C012,1/12/2022,Male,Yes,2,,Loan,Graduate,,2500,1840,109,360,1,Urban,LP001027,109,Y
LP001028,C013,1/13/2022,Male,Yes,2,,Loan,Graduate,No,3073,8106,200,360,1,Urban,LP001028,200,Y
LP001029,C014,1/14/2022,Male,No,0,,Loan,Graduate,No,1853,2840,114,360,1,Rural,LP001029,114,N
LP001030,C015,1/15/2022,Male,Yes,2,,Loan,Graduate,No,1299,1086,17,120,1,Urban,LP001030,17,Y
LP001032,C016,1/16/2022,Male,No,0,,Loan,Graduate,No,4950,0,125,360,1,Urban,LP001032,125,Y
LP001034,C017,1/17/2022,Male,No,1,,Loan,Not Graduate,No,3596,0,100,240,,Urban,LP001034,100,Y
LP001036,C018,1/18/2022,Female,No,0,,Loan,Graduate,No,3510,0,76,360,0,Urban,LP001036,76,N
LP001038,C019,1/19/2022,Male,Yes,0,,Loan,Not Graduate,No,4887,0,133,360,1,Rural,LP001038,133,N
LP001041,C020,1/20/2022,Male,Yes,0,,Loan,Graduate,,2600,3500,115,,1,Urban,LP001041,115,Y
LP001043,C021,1/21/2022,Male,Yes,0,0,Loan,Not Graduate,No,7660,0,104,360,0,Urban,LP001043,104,N
LP001046,C022,1/22/2022,Male,Yes,1,0,Loan,Graduate,No,5955,5625,315,360,1,Urban,LP001046,315,Y
LP001047,C023,1/23/2022,Male,Yes,0,0,Loan,Not Graduate,No,2600,1911,116,360,0,Semiurban,LP001047,116,N
LP001050,C024,1/24/2022,,Yes,2,-2,Loan,Not Graduate,No,3365,1917,112,360,0,Rural,LP001050,112,N
LP001052,C025,1/25/2022,Male,Yes,1,52,Loan,Graduate,,3717,2925,151,360,,Semiurban,LP001052,151,N
LP001066,C026,1/26/2022,Male,Yes,0,33,Loan,Graduate,Yes,9560,0,191,360,1,Semiurban,LP001066,191,Y
LP001068,C027,1/27/2022,Male,Yes,0,33,Loan,Graduate,No,2799,2253,122,360,1,Semiurban,LP001068,122,Y
LP001073,C028,1/28/2022,Male,Yes,2,33,Loan,Not Graduate,No,4226,1040,110,360,1,Urban,LP001073,110,Y
LP001086,C029,1/29/2022,Male,No,0,33,Loan,Not Graduate,No,1442,0,35,360,1,Urban,LP001086,35,N
LP001087,C030,1/30/2022,Female,No,2,33,Loan,Graduate,,3750,2083,120,360,1,Semiurban,LP001087,120,Y
LP001091,C031,1/31/2022,Male,Yes,1,33,Loan,Graduate,,4166,3369,201,360,,Urban,LP001091,201,N
LP001095,C032,2/1/2022,Male,No,0,33,Loan,Graduate,No,3167,0,74,360,1,Urban,LP001095,74,N
LP001097,C033,2/2/2022,Male,No,1,33,Loan,Graduate,Yes,4692,0,106,360,1,Rural,LP001097,106,N
LP001098,C034,2/3/2022,Male,Yes,0,33,Loan,Graduate,No,3500,1667,114,360,1,Semiurban,LP001098,114,Y
LP001100,C035,2/4/2022,Male,No,5,33,Loan,Graduate,No,12500,3000,320,360,1,Rural,LP001100,320,N
LP001106,C036,2/5/2022,Male,Yes,0,33,Loan,Graduate,No,2275,2067,,360,1,Urban,LP001106,,Y
LP001109,C037,2/6/2022,Male,Yes,0,33,Loan,Graduate,No,1828,1330,100,,0,Urban,LP001109,100,N
LP001112,C038,2/7/2022,Female,Yes,0,33,Loan,Graduate,No,3667,1459,144,360,1,Semiurban,LP001112,144,Y
LP001114,C039,2/8/2022,Male,No,0,48,Loan,Graduate,No,4166,7210,184,360,1,Urban,LP001114,184,Y
LP001116,C040,2/9/2022,Male,No,0,48,Loan,Not Graduate,No,3748,1668,110,360,1,Semiurban,LP001116,110,Y
LP001119,C041,2/10/2022,Male,No,0,48,Loan,Graduate,No,3600,0,80,360,1,Urban,LP001119,80,N
LP001120,C042,2/11/2022,Male,No,0,48,Loan,Graduate,No,1800,1213,47,360,1,Urban,LP001120,47,Y
LP001123,C043,2/12/2022,Male,Yes,0,48,Loan,Graduate,No,2400,0,75,360,,Urban,LP001123,75,Y
LP001131,C044,2/13/2022,Male,Yes,0,48,Loan,Graduate,No,3941,2336,134,360,1,Semiurban,LP001131,134,Y
LP001136,C045,2/14/2022,Male,Yes,0,48,Loan,Not Graduate,Yes,4695,0,96,,1,Urban,LP001136,96,Y
LP001137,C046,2/15/2022,Female,No,0,48,Loan,Graduate,No,3410,0,88,,1,Urban,LP001137,88,Y
LP001138,C047,2/16/2022,Male,Yes,1,48,Loan,Graduate,No,5649,0,44,360,1,Urban,LP001138,44,Y
LP001144,C048,2/17/2022,Male,Yes,0,48,Loan,Graduate,No,5821,0,144,360,1,Urban,LP001144,144,Y
LP001146,C049,2/18/2022,Female,Yes,0,48,Loan,Graduate,No,2645,3440,120,360,0,Urban,LP001146,120,N
LP001151,C050,2/19/2022,Female,No,0,48,Loan,Graduate,No,4000,2275,144,360,1,Semiurban,LP001151,144,Y
LP001155,C051,2/20/2022,Female,Yes,0,48,Loan,Not Graduate,No,1928,1644,100,360,1,Semiurban,LP001155,100,Y
LP001157,C052,2/21/2022,Female,No,0,48,Loan,Graduate,No,3086,0,120,360,1,Semiurban,LP001157,120,Y
LP001164,C053,2/22/2022,Female,No,0,48,Loan,Graduate,No,4230,0,112,360,1,Semiurban,LP001164,112,N
LP001179,C054,2/23/2022,Male,Yes,2,48,Loan,Graduate,No,4616,0,134,360,1,Urban,LP001179,134,N
LP001186,C055,2/24/2022,Female,Yes,1,48,Loan,Graduate,Yes,11500,0,286,360,0,Urban,LP001186,286,N
LP001194,C056,2/25/2022,Male,Yes,2,48,Loan,Graduate,No,2708,1167,97,360,1,Semiurban,LP001194,97,Y
LP001195,C057,2/26/2022,Male,Yes,0,48,Loan,Graduate,No,2132,1591,96,360,1,Semiurban,LP001195,96,Y
LP001197,C058,2/27/2022,Male,Yes,0,48,Loan,Graduate,No,3366,2200,135,360,1,Rural,LP001197,135,N
LP001198,C059,2/28/2022,Male,Yes,1,,Loan,Graduate,No,8080,2250,180,360,1,Urban,LP001198,180,Y
LP001199,C060,3/1/2022,Male,Yes,2,,Loan,Not Graduate,No,3357,2859,144,360,1,Urban,LP001199,144,Y
LP001205,C061,3/2/2022,Male,Yes,0,,Loan,Graduate,No,2500,3796,120,360,1,Urban,LP001205,120,Y
LP001206,C062,3/3/2022,Male,Yes,8,,Loan,Graduate,No,3029,0,99,360,1,Urban,LP001206,99,Y
LP001207,C063,3/4/2022,Male,Yes,0,,Loan,Not Graduate,Yes,2609,3449,165,180,0,Rural,LP001207,165,N
LP001213,C064,3/5/2022,Male,Yes,1,,Loan,Graduate,No,4945,0,,360,0,Rural,LP001213,,N
LP001222,C065,3/6/2022,Female,No,0,,Loan,Graduate,No,4166,0,116,360,0,Semiurban,LP001222,116,N
LP001225,C066,3/7/2022,Male,Yes,0,,Loan,Graduate,No,5726,4595,258,360,1,Semiurban,LP001225,258,N
LP001228,C067,3/8/2022,Male,No,0,,Loan,Not Graduate,No,3200,2254,126,180,0,Urban,LP001228,126,N
LP001233,C068,3/9/2022,Male,Yes,1,,Loan,Graduate,No,10750,0,312,360,1,Urban,LP001233,312,Y
LP001238,C069,3/10/2022,Male,Yes,9,,Loan,Not Graduate,Yes,7100,0,125,60,1,Urban,LP001238,125,Y
LP001241,C070,3/11/2022,Female,No,0,,Loan,Graduate,No,4300,0,136,360,0,Semiurban,LP001241,136,N
LP001243,C071,3/12/2022,Male,Yes,0,,Loan,Graduate,No,3208,3066,172,360,1,Urban,LP001243,172,Y
LP001245,C072,3/13/2022,Male,Yes,2,,Loan,Not Graduate,Yes,1875,1875,97,360,1,Semiurban,LP001245,97,Y
LP001248,C073,3/14/2022,Male,No,0,,Loan,Graduate,No,3500,0,81,300,1,Semiurban,LP001248,81,Y
LP001250,C074,3/15/2022,Male,Yes,7,,Loan,Not Graduate,No,4755,0,95,,0,Semiurban,LP001250,95,N
LP001253,C075,3/16/2022,Male,Yes,20,,Loan,Graduate,Yes,5266,1774,187,360,1,Semiurban,LP001253,187,Y
LP001255,C076,3/17/2022,Male,No,0,,Loan,Graduate,No,3750,0,113,480,1,Urban,LP001255,113,N
LP001256,C077,3/18/2022,Male,No,0,,Loan,Graduate,No,3750,4750,176,360,1,Urban,LP001256,176,N
LP001259,C078,3/19/2022,Male,Yes,1,,Loan,Graduate,Yes,1000,3022,110,360,1,Urban,LP001259,110,N
LP001263,C079,3/20/2022,Male,Yes,8,,Loan,Graduate,No,3167,4000,180,300,0,Semiurban,LP001263,180,N
LP001264,C080,3/21/2022,Male,Yes,6,,Loan,Not Graduate,Yes,3333,2166,130,360,,Semiurban,LP001264,130,Y
LP001265,C081,3/22/2022,Female,No,0,,Loan,Graduate,No,3846,0,111,360,1,Semiurban,LP001265,111,Y
LP001266,C082,3/23/2022,Male,Yes,1,,Loan,Graduate,Yes,2395,0,,360,1,Semiurban,LP001266,,Y
LP001267,C083,3/24/2022,Female,Yes,2,20,Loan,Graduate,No,1378,1881,167,360,1,Urban,LP001267,167,N
LP001273,C084,3/25/2022,Male,Yes,0,20,Loan,Graduate,No,6000,2250,265,360,,Semiurban,LP001273,265,N
LP001275,C085,3/26/2022,Male,Yes,1,20,Loan,Graduate,No,3988,0,50,240,1,Urban,LP001275,50,Y
LP001279,C086,3/27/2022,Male,No,0,20,Loan,Graduate,No,2366,2531,136,360,1,Semiurban,LP001279,136,Y
LP001280,C087,3/28/2022,Male,Yes,2,20,Loan,Not Graduate,No,3333,2000,99,360,,Semiurban,LP001280,99,Y
LP001282,C088,3/29/2022,Male,Yes,0,20,Loan,Graduate,No,2500,2118,104,360,1,Semiurban,LP001282,104,Y
LP001289,C089,3/30/2022,Male,No,0,20,Loan,Graduate,No,8566,0,210,360,1,Urban,LP001289,210,Y
LP001310,C090,3/31/2022,Male,Yes,0,34,Loan,Graduate,No,5695,4167,175,360,1,Semiurban,LP001310,175,Y
LP001316,C091,4/1/2022,Male,Yes,0,34,Loan,Graduate,No,2958,2900,131,360,1,Semiurban,LP001316,131,Y
LP001318,C092,4/2/2022,Male,Yes,2,34,Loan,Graduate,No,6250,5654,188,180,1,Semiurban,LP001318,188,Y
LP001319,C093,4/3/2022,Male,Yes,2,34,Loan,Not Graduate,No,3273,1820,81,360,1,Urban,LP001319,81,Y
LP001322,C094,4/4/2022,Male,No,0,34,Loan,Graduate,No,4133,0,122,360,1,Semiurban,LP001322,122,Y
LP001325,C095,4/5/2022,Male,No,0,34,Loan,Not Graduate,No,3620,0,25,120,1,Semiurban,LP001325,25,Y
LP001326,C096,4/6/2022,Male,No,0,34,Loan,Graduate,,6782,0,,360,,Urban,LP001326,,N
LP001327,C097,4/7/2022,Female,Yes,0,34,Loan,Graduate,No,2484,2302,137,360,1,Semiurban,LP001327,137,Y
LP001333,C098,4/8/2022,Male,Yes,0,34,Loan,Graduate,No,1977,997,50,360,1,Semiurban,LP001333,50,Y
LP001334,C099,4/9/2022,Male,Yes,0,34,Loan,Not Graduate,No,4188,0,115,180,1,Semiurban,LP001334,115,Y
LP001343,C100,4/10/2022,Male,Yes,0,34,Loan,Graduate,No,1759,3541,131,360,1,Semiurban,LP001343,131,Y
LP001345,C101,4/11/2022,Male,Yes,2,34,Loan,Not Graduate,No,4288,3263,133,180,1,Urban,LP001345,133,Y
LP001349,C102,4/12/2022,Male,No,0,34,Loan,Graduate,No,4843,3806,151,360,1,Semiurban,LP001349,151,Y
LP001350,C103,4/13/2022,Male,Yes,,34,Loan,Graduate,No,13650,0,,360,1,Urban,LP001350,,Y
LP001356,C104,4/14/2022,Male,Yes,0,34,Loan,Graduate,No,4652,3583,,360,1,Semiurban,LP001356,,Y
LP001357,C105,4/15/2022,Male,,,34,Loan,Graduate,No,3816,754,160,360,1,Urban,LP001357,160,Y
LP001367,C106,4/16/2022,Male,Yes,1,34,Loan,Graduate,No,3052,1030,100,360,1,Urban,LP001367,100,Y
LP001369,C107,4/17/2022,Male,Yes,2,34,Loan,Graduate,No,11417,1126,225,360,1,Urban,LP001369,225,Y
LP001370,C108,4/18/2022,Male,No,0,34,Loan,Not Graduate,,7333,0,120,360,1,Rural,LP001370,120,N
LP001379,C109,4/19/2022,Male,Yes,2,34,Loan,Graduate,No,3800,3600,216,360,0,Urban,LP001379,216,N
LP001384,C110,4/20/2022,Male,Yes,4,34,Loan,Not Graduate,No,2071,754,94,480,1,Semiurban,LP001384,94,Y
LP001385,C111,4/21/2022,Male,No,0,34,Loan,Graduate,No,5316,0,136,360,1,Urban,LP001385,136,Y
LP001387,C112,4/22/2022,Female,Yes,0,34,Loan,Graduate,,2929,2333,139,360,1,Semiurban,LP001387,139,Y
LP001391,C113,4/23/2022,Male,Yes,0,34,Loan,Not Graduate,No,3572,4114,152,,0,Rural,LP001391,152,N
LP001392,C114,4/24/2022,Female,No,1,34,Loan,Graduate,Yes,7451,0,,360,1,Semiurban,LP001392,,Y
LP001398,C115,4/25/2022,Male,No,0,34,Loan,Graduate,,5050,0,118,360,1,Semiurban,LP001398,118,Y
LP001401,C116,4/26/2022,Male,Yes,1,34,Loan,Graduate,No,14583,0,185,180,1,Rural,LP001401,185,Y
LP001404,C117,4/27/2022,Female,Yes,0,,Loan,Graduate,No,3167,2283,154,360,1,Semiurban,LP001404,154,Y
LP001405,C118,4/28/2022,Male,Yes,1,,Loan,Graduate,No,2214,1398,85,360,,Urban,LP001405,85,Y
LP001421,C119,4/29/2022,Male,Yes,0,,Loan,Graduate,No,5568,2142,175,360,1,Rural,LP001421,175,N
LP001422,C120,4/30/2022,Female,No,0,,Loan,Graduate,No,10408,0,259,360,1,Urban,LP001422,259,Y
LP001426,C121,5/1/2022,Male,Yes,,,Loan,Graduate,No,5667,2667,180,360,1,Rural,LP001426,180,Y
LP001430,C122,5/2/2022,Female,No,0,,Loan,Graduate,No,4166,0,44,360,1,Semiurban,LP001430,44,Y
LP001431,C123,5/3/2022,Female,No,0,34,Loan,Graduate,No,2137,8980,137,360,0,Semiurban,LP001431,137,Y
LP001432,C124,5/4/2022,Male,Yes,2,34,Loan,Graduate,No,2957,0,81,360,1,Semiurban,LP001432,81,Y
LP001439,C125,5/5/2022,Male,Yes,0,34,Loan,Not Graduate,No,4300,2014,194,360,1,Rural,LP001439,194,Y
LP001443,C126,5/6/2022,Female,No,0,34,Loan,Graduate,No,3692,0,93,360,,Rural,LP001443,93,Y
LP001448,C127,5/7/2022,,Yes,3,34,Loan,Graduate,No,23803,0,370,360,1,Rural,LP001448,370,Y
LP001449,C128,5/8/2022,Male,No,0,34,Loan,Graduate,No,3865,1640,,360,1,Rural,LP001449,,Y
LP001451,C129,5/9/2022,Male,Yes,1,,Loan,Graduate,Yes,10513,3850,160,180,0,Urban,LP001451,160,N
LP001465,C130,5/10/2022,Male,Yes,0,,Loan,Graduate,No,6080,2569,182,360,,Rural,LP001465,182,N
LP001469,C131,5/11/2022,Male,No,0,,Loan,Graduate,Yes,20166,0,650,480,,Urban,LP001469,650,Y
LP001473,C132,5/12/2022,Male,No,0,,Loan,Graduate,No,2014,1929,74,360,1,Urban,LP001473,74,Y
LP001478,C133,5/13/2022,Male,No,0,,Loan,Graduate,No,2718,0,70,360,1,Semiurban,LP001478,70,Y
LP001482,C134,5/14/2022,Male,Yes,0,,Loan,Graduate,Yes,3459,0,25,120,1,Semiurban,LP001482,25,Y
LP001487,C135,5/15/2022,Male,No,0,,Loan,Graduate,No,4895,0,102,360,1,Semiurban,LP001487,102,Y
LP001488,C136,5/16/2022,Male,Yes,1,,Loan,Graduate,No,4000,7750,290,360,1,Semiurban,LP001488,290,N
LP001489,C137,5/17/2022,Female,Yes,0,,Loan,Graduate,No,4583,0,84,360,1,Rural,LP001489,84,N
LP001491,C138,5/18/2022,Male,Yes,2,,Loan,Graduate,Yes,3316,3500,88,360,1,Urban,LP001491,88,Y
LP001492,C139,5/19/2022,Male,No,0,,Loan,Graduate,No,14999,0,242,360,0,Semiurban,LP001492,242,N
LP001493,C140,5/20/2022,Male,Yes,2,,Loan,Not Graduate,No,4200,1430,129,360,1,Rural,LP001493,129,N
LP001497,C141,5/21/2022,Male,Yes,2,,Loan,Graduate,No,5042,2083,185,360,1,Rural,LP001497,185,N
LP001498,C142,5/22/2022,Male,No,0,,Loan,Graduate,No,5417,0,168,360,1,Urban,LP001498,168,Y
LP001504,C143,5/23/2022,Male,No,0,,Loan,Graduate,Yes,6950,0,175,180,1,Semiurban,LP001504,175,Y
LP001507,C144,5/24/2022,Male,Yes,0,,Loan,Graduate,No,2698,2034,122,360,1,Semiurban,LP001507,122,Y
LP001508,C145,5/25/2022,Male,Yes,2,,Loan,Graduate,No,11757,0,187,180,1,Urban,LP001508,187,Y
LP001514,C146,5/26/2022,Female,Yes,0,,Loan,Graduate,No,2330,4486,100,360,1,Semiurban,LP001514,100,Y
LP001516,C147,5/27/2022,Female,Yes,2,,Loan,Graduate,No,14866,0,70,360,1,Urban,LP001516,70,Y
LP001518,C148,5/28/2022,Male,Yes,1,,Loan,Graduate,No,1538,1425,30,360,1,Urban,LP001518,30,Y
LP001519,C149,5/29/2022,Female,No,0,,Loan,Graduate,No,10000,1666,225,360,1,Rural,LP001519,225,N
LP001520,C150,5/30/2022,Male,Yes,0,,Loan,Graduate,No,4860,830,125,360,1,Semiurban,LP001520,125,Y
LP001528,C151,5/31/2022,Male,No,0,,Loan,Graduate,No,6277,0,118,360,0,Rural,LP001528,118,N
LP001529,C152,6/1/2022,Male,Yes,0,,Loan,Graduate,Yes,2577,3750,152,360,1,Rural,LP001529,152,Y
LP001531,C153,6/2/2022,Male,No,0,,Loan,Graduate,No,9166,0,244,360,1,Urban,LP001531,244,N
LP001532,C154,6/3/2022,Male,Yes,2,,Loan,Not Graduate,No,2281,0,113,360,1,Rural,LP001532,113,N
LP001535,C155,6/4/2022,Male,No,0,,Loan,Graduate,No,3254,0,50,360,1,Urban,LP001535,50,Y
LP001536,C156,6/5/2022,Male,Yes,1,,Loan,Graduate,No,39999,0,600,180,0,Semiurban,LP001536,600,Y
LP001541,C157,6/6/2022,Male,Yes,1,,Loan,Graduate,No,6000,0,160,360,,Rural,LP001541,160,Y
LP001543,C158,6/7/2022,Male,Yes,1,,Loan,Graduate,No,9538,0,187,360,1,Urban,LP001543,187,Y
LP001546,C159,6/8/2022,Male,No,0,,Loan,Graduate,,2980,2083,120,360,1,Rural,LP001546,120,Y
LP001552,C160,6/9/2022,Male,Yes,0,,Loan,Graduate,No,4583,5625,255,360,1,Semiurban,LP001552,255,Y
LP001560,C161,6/10/2022,Male,Yes,0,,Loan,Not Graduate,No,1863,1041,98,360,1,Semiurban,LP001560,98,Y
LP001562,C162,6/11/2022,Male,Yes,0,,Loan,Graduate,No,7933,0,275,360,1,Urban,LP001562,275,N
LP001565,C163,6/12/2022,Male,Yes,1,,Loan,Graduate,No,3089,1280,121,360,0,Semiurban,LP001565,121,N
LP001570,C164,6/13/2022,Male,Yes,2,,Loan,Graduate,No,4167,1447,158,360,1,Rural,LP001570,158,Y
LP001572,C165,6/14/2022,Male,Yes,0,,Loan,Graduate,No,9323,0,75,180,1,Urban,LP001572,75,Y
LP001574,C166,6/15/2022,Male,Yes,0,,Loan,Graduate,No,3707,3166,182,,1,Rural,LP001574,182,Y
LP001577,C167,6/16/2022,Female,Yes,0,,Loan,Graduate,No,4583,0,112,360,1,Rural,LP001577,112,N
LP001578,C168,6/17/2022,Male,Yes,0,,Loan,Graduate,No,2439,3333,129,360,1,Rural,LP001578,129,Y
LP001579,C169,6/18/2022,Male,No,0,,Loan,Graduate,No,2237,0,63,480,0,Semiurban,LP001579,63,N
LP001580,C170,6/19/2022,Male,Yes,2,,Loan,Graduate,No,8000,0,200,360,1,Semiurban,LP001580,200,Y
LP001581,C171,6/20/2022,Male,Yes,0,,Loan,Not Graduate,,1820,1769,95,360,1,Rural,LP001581,95,Y
LP001585,C172,6/21/2022,,Yes,5,,Loan,Graduate,No,51763,0,700,300,1,Urban,LP001585,700,Y
LP001586,C173,6/22/2022,Male,Yes,6,,Loan,Not Graduate,No,3522,0,81,180,1,Rural,LP001586,81,N
LP001594,C174,6/23/2022,Male,Yes,0,,Loan,Graduate,No,5708,5625,187,360,1,Semiurban,LP001594,187,Y
LP001603,C175,6/24/2022,Male,Yes,0,,Loan,Not Graduate,Yes,4344,736,87,360,1,Semiurban,LP001603,87,N
LP001606,C176,6/25/2022,Male,Yes,0,,Loan,Graduate,No,3497,1964,116,360,1,Rural,LP001606,116,Y
LP001608,C177,6/26/2022,Male,Yes,2,,Loan,Graduate,No,2045,1619,101,360,1,Rural,LP001608,101,Y
LP001610,C178,6/27/2022,Male,Yes,3,,Loan,Graduate,No,5516,11300,495,360,0,Semiurban,LP001610,495,N
LP001616,C179,6/28/2022,Male,Yes,1,,Loan,Graduate,No,3750,0,116,360,1,Semiurban,LP001616,116,Y
LP001630,C180,6/29/2022,Male,No,0,,Loan,Not Graduate,No,2333,1451,102,480,0,Urban,LP001630,102,N
LP001633,C181,6/30/2022,Male,Yes,1,,Loan,Graduate,No,6400,7250,180,360,0,Urban,LP001633,180,N
LP001634,C182,7/1/2022,Male,No,0,,Loan,Graduate,No,1916,5063,67,360,,Rural,LP001634,67,N
LP001636,C183,7/2/2022,Male,Yes,0,44,Loan,Graduate,No,4600,0,73,180,1,Semiurban,LP001636,73,Y
LP001637,C184,7/3/2022,Male,Yes,1,44,Loan,Graduate,No,33846,0,260,360,1,Semiurban,LP001637,260,N
LP001639,C185,7/4/2022,Female,Yes,0,44,Loan,Graduate,No,3625,0,108,360,1,Semiurban,LP001639,108,Y
LP001640,C186,7/5/2022,Male,Yes,0,44,Loan,Graduate,Yes,39147,4750,120,360,1,Semiurban,LP001640,120,Y
LP001641,C187,7/6/2022,Male,Yes,1,44,Loan,Graduate,Yes,2178,0,66,300,0,Rural,LP001641,66,N
LP001643,C188,7/7/2022,Male,Yes,0,44,Loan,Graduate,No,2383,2138,58,360,,Rural,LP001643,58,Y
LP001644,C189,7/8/2022,,Yes,0,44,Loan,Graduate,Yes,674,5296,168,360,1,Rural,LP001644,168,Y
LP001647,C190,7/9/2022,Male,Yes,0,,Loan,Graduate,No,9328,0,188,180,1,Rural,LP001647,188,Y
LP001653,C191,7/10/2022,Male,No,0,,Loan,Not Graduate,No,4885,0,48,360,1,Rural,LP001653,48,Y
LP001656,C192,7/11/2022,Male,No,0,,Loan,Graduate,No,12000,0,164,360,1,Semiurban,LP001656,164,N
LP001657,C193,7/12/2022,Male,Yes,0,,Loan,Not Graduate,No,6033,0,160,360,1,Urban,LP001657,160,N
LP001658,C194,7/13/2022,Male,No,0,44,Loan,Graduate,No,3858,0,76,360,1,Semiurban,LP001658,76,Y
LP001664,C195,7/14/2022,Male,No,0,44,Loan,Graduate,No,4191,0,120,360,1,Rural,LP001664,120,Y
LP001665,C196,7/15/2022,Male,Yes,1,44,Loan,Graduate,No,3125,2583,170,360,1,Semiurban,LP001665,170,N
LP001666,C197,7/16/2022,Male,No,0,44,Loan,Graduate,No,8333,3750,187,360,1,Rural,LP001666,187,Y
LP001669,C198,7/17/2022,Female,No,0,44,Loan,Not Graduate,No,1907,2365,120,,1,Urban,LP001669,120,Y
LP001671,C199,7/18/2022,Female,Yes,0,44,Loan,Graduate,No,3416,2816,113,360,,Semiurban,LP001671,113,Y
LP001673,C200,7/19/2022,Male,No,0,44,Loan,Graduate,Yes,11000,0,83,360,1,Urban,LP001673,83,N
LP001674,C201,7/20/2022,Male,Yes,1,44,Loan,Not Graduate,No,2600,2500,90,360,1,Semiurban,LP001674,90,Y
LP001677,C202,7/21/2022,Male,No,2,44,Loan,Graduate,No,4923,0,166,360,0,Semiurban,LP001677,166,Y
LP001682,C203,7/22/2022,Male,Yes,3,44,Loan,Not Graduate,No,3992,0,,180,1,Urban,LP001682,,N
LP001688,C204,7/23/2022,Male,Yes,1,44,Loan,Not Graduate,No,3500,1083,135,360,1,Urban,LP001688,135,Y
LP001691,C205,7/24/2022,Male,Yes,2,44,Loan,Not Graduate,No,3917,0,124,360,1,Semiurban,LP001691,124,Y
LP001692,C206,7/25/2022,Female,No,0,44,Loan,Not Graduate,No,4408,0,120,360,1,Semiurban,LP001692,120,Y
LP001693,C207,7/26/2022,Female,No,0,44,Loan,Graduate,No,3244,0,80,360,1,Urban,LP001693,80,Y
LP001698,C208,7/27/2022,Male,No,0,44,Loan,Not Graduate,No,3975,2531,55,360,1,Rural,LP001698,55,Y
LP001699,C209,7/28/2022,Male,No,0,44,Loan,Graduate,No,2479,0,59,360,1,Urban,LP001699,59,Y
LP001702,C210,7/29/2022,Male,No,0,44,Loan,Graduate,No,3418,0,127,360,1,Semiurban,LP001702,127,N
LP001708,C211,7/30/2022,Female,No,0,44,Loan,Graduate,No,10000,0,214,360,1,Semiurban,LP001708,214,N
LP001711,C212,7/31/2022,Male,Yes,3,44,Loan,Graduate,No,3430,1250,128,360,0,Semiurban,LP001711,128,N
LP001713,C213,8/1/2022,Male,Yes,1,44,Loan,Graduate,Yes,7787,0,240,360,1,Urban,LP001713,240,Y
LP001715,C214,8/2/2022,Male,Yes,3,44,Loan,Not Graduate,Yes,5703,0,130,360,1,Rural,LP001715,130,Y
LP001716,C215,8/3/2022,Male,Yes,0,44,Loan,Graduate,No,3173,3021,137,360,1,Urban,LP001716,137,Y
LP001720,C216,8/4/2022,Male,Yes,3,44,Loan,Not Graduate,No,3850,983,100,360,1,Semiurban,LP001720,100,Y
LP001722,C217,8/5/2022,Male,Yes,0,44,Loan,Graduate,No,150,1800,135,360,1,Rural,LP001722,135,N
LP001726,C218,8/6/2022,Male,Yes,0,44,Loan,Graduate,No,3727,1775,131,360,1,Semiurban,LP001726,131,Y
LP001732,C219,8/7/2022,Male,Yes,2,44,Loan,Graduate,,5000,0,72,360,0,Semiurban,LP001732,72,N
LP001734,C220,8/8/2022,Female,Yes,2,44,Loan,Graduate,No,4283,2383,127,360,,Semiurban,LP001734,127,Y
LP001736,C221,8/9/2022,Male,Yes,0,44,Loan,Graduate,No,2221,0,60,360,0,Urban,LP001736,60,N
LP001743,C222,8/10/2022,Male,Yes,2,44,Loan,Graduate,No,4009,1717,116,360,1,Semiurban,LP001743,116,Y
LP001744,C223,8/11/2022,Male,No,0,44,Loan,Graduate,No,2971,2791,144,360,1,Semiurban,LP001744,144,Y
LP001749,C224,8/12/2022,Male,Yes,0,19,Loan,Graduate,No,7578,1010,175,,1,Semiurban,LP001749,175,Y
LP001750,C225,8/13/2022,Male,Yes,0,19,Loan,Graduate,No,6250,0,128,360,1,Semiurban,LP001750,128,Y
LP001751,C226,8/14/2022,Male,Yes,0,19,Loan,Graduate,No,3250,0,170,360,1,Rural,LP001751,170,N
LP001754,C227,8/15/2022,Male,Yes,,19,Loan,Not Graduate,Yes,4735,0,138,360,1,Urban,LP001754,138,N
LP001758,C228,8/16/2022,Male,Yes,2,19,Loan,Graduate,No,6250,1695,210,360,1,Semiurban,LP001758,210,Y
LP001760,C229,8/17/2022,Male,,,19,Loan,Graduate,No,4758,0,158,480,1,Semiurban,LP001760,158,Y
LP001761,C230,8/18/2022,Male,No,0,19,Loan,Graduate,Yes,6400,0,200,360,1,Rural,LP001761,200,Y
LP001765,C231,8/19/2022,Male,Yes,1,19,Loan,Graduate,No,2491,2054,104,360,1,Semiurban,LP001765,104,Y
LP001768,C232,8/20/2022,Male,Yes,0,19,Loan,Graduate,,3716,0,42,180,1,Rural,LP001768,42,Y
LP001770,C233,8/21/2022,Male,No,0,19,Loan,Not Graduate,No,3189,2598,120,,1,Rural,LP001770,120,Y
LP001776,C234,8/22/2022,Female,No,0,19,Loan,Graduate,No,8333,0,280,360,1,Semiurban,LP001776,280,Y
LP001778,C235,8/23/2022,Male,Yes,1,19,Loan,Graduate,No,3155,1779,140,360,1,Semiurban,LP001778,140,Y
LP001784,C236,8/24/2022,Male,Yes,1,19,Loan,Graduate,No,5500,1260,170,360,1,Rural,LP001784,170,Y
LP001786,C237,8/25/2022,Male,Yes,0,19,Loan,Graduate,,5746,0,255,360,,Urban,LP001786,255,N
LP001788,C238,8/26/2022,Female,No,0,19,Loan,Graduate,Yes,3463,0,122,360,,Urban,LP001788,122,Y
LP001790,C239,8/27/2022,Female,No,1,19,Loan,Graduate,No,3812,0,112,360,1,Rural,LP001790,112,Y
LP001792,C240,8/28/2022,Male,Yes,1,19,Loan,Graduate,No,3315,0,96,360,1,Semiurban,LP001792,96,Y
LP001798,C241,8/29/2022,Male,Yes,2,19,Loan,Graduate,No,5819,5000,120,360,1,Rural,LP001798,120,Y
LP001800,C242,8/30/2022,Male,Yes,1,19,Loan,Not Graduate,No,2510,1983,140,180,1,Urban,LP001800,140,N
LP001806,C243,8/31/2022,Male,No,0,19,Loan,Graduate,No,2965,5701,155,60,1,Urban,LP001806,155,Y
LP001807,C244,9/1/2022,Male,Yes,2,19,Loan,Graduate,Yes,6250,1300,108,360,1,Rural,LP001807,108,Y
LP001811,C245,9/2/2022,Male,Yes,0,19,Loan,Not Graduate,No,3406,4417,123,360,1,Semiurban,LP001811,123,Y
LP001813,C246,9/3/2022,Male,No,0,19,Loan,Graduate,Yes,6050,4333,120,180,1,Urban,LP001813,120,N
LP001814,C247,9/4/2022,Male,Yes,2,19,Loan,Graduate,No,9703,0,112,360,1,Urban,LP001814,112,Y
LP001819,C248,9/5/2022,Male,Yes,1,19,Loan,Not Graduate,No,6608,0,137,180,1,Urban,LP001819,137,Y
LP001824,C249,9/6/2022,Male,Yes,1,19,Loan,Graduate,No,2882,1843,123,480,1,Semiurban,LP001824,123,Y
LP001825,C250,9/7/2022,Male,Yes,0,19,Loan,Graduate,No,1809,1868,90,360,1,Urban,LP001825,90,Y
LP001835,C251,9/8/2022,Male,Yes,0,19,Loan,Not Graduate,No,1668,3890,201,360,0,Semiurban,LP001835,201,N
LP001836,C252,9/9/2022,Female,No,2,19,Loan,Graduate,No,3427,0,138,360,1,Urban,LP001836,138,N
LP001841,C253,9/10/2022,Male,No,0,19,Loan,Not Graduate,Yes,2583,2167,104,360,1,Rural,LP001841,104,Y
LP001843,C254,9/11/2022,Male,Yes,1,19,Loan,Not Graduate,No,2661,7101,279,180,1,Semiurban,LP001843,279,Y
LP001844,C255,9/12/2022,Male,No,0,19,Loan,Graduate,Yes,16250,0,192,360,0,Urban,LP001844,192,N
LP001846,C256,9/13/2022,Female,No,3,19,Loan,Graduate,No,3083,0,255,360,1,Rural,LP001846,255,Y
LP001849,C257,9/14/2022,Male,No,0,19,Loan,Not Graduate,No,6045,0,115,360,0,Rural,LP001849,115,N
LP001854,C258,9/15/2022,Male,Yes,3,19,Loan,Graduate,No,5250,0,94,360,1,Urban,LP001854,94,N
LP001859,C259,9/16/2022,Male,Yes,0,19,Loan,Graduate,No,14683,2100,304,360,1,Rural,LP001859,304,N
LP001864,C260,9/17/2022,Male,Yes,3,19,Loan,Not Graduate,No,4931,0,128,360,,Semiurban,LP001864,128,N
LP001865,C261,9/18/2022,Male,Yes,1,19,Loan,Graduate,No,6083,4250,330,360,,Urban,LP001865,330,Y
LP001868,C262,9/19/2022,Male,No,0,19,Loan,Graduate,No,2060,2209,134,360,1,Semiurban,LP001868,134,Y
LP001870,C263,9/20/2022,Female,No,1,19,Loan,Graduate,No,3481,0,155,36,1,Semiurban,LP001870,155,N
LP001871,C264,9/21/2022,Female,No,0,19,Loan,Graduate,No,7200,0,120,360,1,Rural,LP001871,120,Y
LP001872,C265,9/22/2022,Male,No,0,19,Loan,Graduate,Yes,5166,0,128,360,1,Semiurban,LP001872,128,Y
LP001875,C266,9/23/2022,Male,No,0,19,Loan,Graduate,No,4095,3447,151,360,1,Rural,LP001875,151,Y
LP001877,C267,9/24/2022,Male,Yes,2,19,Loan,Graduate,No,4708,1387,150,360,1,Semiurban,LP001877,150,Y
LP001882,C268,9/25/2022,Male,Yes,3,19,Loan,Graduate,No,4333,1811,160,360,0,Urban,LP001882,160,Y
LP001883,C269,9/26/2022,Female,No,0,19,Loan,Graduate,,3418,0,135,360,1,Rural,LP001883,135,N
LP001884,C270,9/27/2022,Female,No,1,19,Loan,Graduate,No,2876,1560,90,360,1,Urban,LP001884,90,Y
LP001888,C271,9/28/2022,Female,No,0,19,Loan,Graduate,No,3237,0,30,360,1,Urban,LP001888,30,Y
LP001891,C272,9/29/2022,Male,Yes,0,19,Loan,Graduate,No,11146,0,136,360,1,Urban,LP001891,136,Y
LP001892,C273,9/30/2022,Male,No,0,19,Loan,Graduate,No,2833,1857,126,360,1,Rural,LP001892,126,Y
LP001894,C274,10/1/2022,Male,Yes,0,19,Loan,Graduate,No,2620,2223,150,360,1,Semiurban,LP001894,150,Y
LP001896,C275,10/2/2022,Male,Yes,2,55,Loan,Graduate,No,3900,0,90,360,1,Semiurban,LP001896,90,Y
LP001900,C276,10/3/2022,Male,Yes,1,55,Loan,Graduate,No,2750,1842,115,360,1,Semiurban,LP001900,115,Y
LP001903,C277,10/4/2022,Male,Yes,0,55,Loan,Graduate,No,3993,3274,207,360,1,Semiurban,LP001903,207,Y
LP001904,C278,10/5/2022,Male,Yes,0,55,Loan,Graduate,No,3103,1300,80,360,1,Urban,LP001904,80,Y
LP001907,C279,10/6/2022,Male,Yes,0,55,Loan,Graduate,No,14583,0,436,360,1,Semiurban,LP001907,436,Y
LP001908,C280,10/7/2022,Female,Yes,0,55,Loan,Not Graduate,No,4100,0,124,360,,Rural,LP001908,124,Y
LP001910,C281,10/8/2022,Male,No,1,55,Loan,Not Graduate,Yes,4053,2426,158,360,0,Urban,LP001910,158,N
LP001914,C282,10/9/2022,Male,Yes,0,55,Loan,Graduate,No,3927,800,112,360,1,Semiurban,LP001914,112,Y
LP001915,C283,10/10/2022,Male,Yes,2,55,Loan,Graduate,No,2301,985.7999878,78,180,1,Urban,LP001915,78,Y
LP001917,C284,10/11/2022,Female,No,0,55,Loan,Graduate,No,1811,1666,54,360,1,Urban,LP001917,54,Y
LP001922,C285,10/12/2022,Male,Yes,0,55,Loan,Graduate,No,20667,0,,360,1,Rural,LP001922,,N
LP001924,C286,10/13/2022,Male,No,0,55,Loan,Graduate,No,3158,3053,89,360,1,Rural,LP001924,89,Y
LP001925,C287,10/14/2022,Female,No,0,55,Loan,Graduate,Yes,2600,1717,99,300,1,Semiurban,LP001925,99,N
LP001926,C288,10/15/2022,Male,Yes,0,55,Loan,Graduate,No,3704,2000,120,360,1,Rural,LP001926,120,Y
LP001931,C289,10/16/2022,Female,No,0,55,Loan,Graduate,No,4124,0,115,360,1,Semiurban,LP001931,115,Y
LP001935,C290,10/17/2022,Male,No,0,55,Loan,Graduate,No,9508,0,187,360,1,Rural,LP001935,187,Y
LP001936,C291,10/18/2022,Male,Yes,0,55,Loan,Graduate,No,3075,2416,139,360,1,Rural,LP001936,139,Y
LP001938,C292,10/19/2022,Male,Yes,2,55,Loan,Graduate,No,4400,0,127,360,0,Semiurban,LP001938,127,N
LP001940,C293,10/20/2022,Male,Yes,2,55,Loan,Graduate,No,3153,1560,134,360,1,Urban,LP001940,134,Y
LP001945,C294,10/21/2022,Female,No,,55,Loan,Graduate,No,5417,0,143,480,0,Urban,LP001945,143,N
LP001947,C295,10/22/2022,Male,Yes,0,55,Loan,Graduate,No,2383,3334,172,360,1,Semiurban,LP001947,172,Y
LP001949,C296,10/23/2022,Male,Yes,3,55,Loan,Graduate,,4416,1250,110,360,1,Urban,LP001949,110,Y
LP001953,C297,10/24/2022,Male,Yes,1,55,Loan,Graduate,No,6875,0,200,360,1,Semiurban,LP001953,200,Y
LP001954,C298,10/25/2022,Female,Yes,1,55,Loan,Graduate,No,4666,0,135,360,1,Urban,LP001954,135,Y
LP001955,C299,10/26/2022,Female,No,0,55,Loan,Graduate,No,5000,2541,151,480,1,Rural,LP001955,151,N
LP001963,C300,10/27/2022,Male,Yes,1,55,Loan,Graduate,No,2014,2925,113,360,1,Urban,LP001963,113,N
LP001964,C301,10/28/2022,Male,Yes,0,55,Loan,Not Graduate,No,1800,2934,93,360,0,Urban,LP001964,93,N
LP001972,C302,10/29/2022,Male,Yes,,55,Loan,Not Graduate,No,2875,1750,105,360,1,Semiurban,LP001972,105,Y
LP001974,C303,10/30/2022,Female,No,0,55,Loan,Graduate,No,5000,0,132,360,1,Rural,LP001974,132,Y
LP001977,C304,10/31/2022,Male,Yes,1,55,Loan,Graduate,No,1625,1803,96,360,1,Urban,LP001977,96,Y
LP001978,C305,11/1/2022,Male,No,0,55,Loan,Graduate,No,4000,2500,140,360,1,Rural,LP001978,140,Y
LP001990,C306,11/2/2022,Male,No,0,55,Loan,Not Graduate,No,2000,0,,360,1,Urban,LP001990,,N
LP001993,C307,11/3/2022,Female,No,0,55,Loan,Graduate,No,3762,1666,135,360,1,Rural,LP001993,135,Y
LP001994,C308,11/4/2022,Female,No,0,55,Loan,Graduate,No,2400,1863,104,360,0,Urban,LP001994,104,N
LP001996,C309,11/5/2022,Male,No,0,55,Loan,Graduate,No,20233,0,480,360,1,Rural,LP001996,480,N
LP001998,C310,11/6/2022,Male,Yes,2,55,Loan,Not Graduate,No,7667,0,185,360,,Rural,LP001998,185,Y
LP002002,C311,11/7/2022,Female,No,0,55,Loan,Graduate,No,2917,0,84,360,1,Semiurban,LP002002,84,Y
LP002004,C312,11/8/2022,Male,No,0,55,Loan,Not Graduate,No,2927,2405,111,360,1,Semiurban,LP002004,111,Y
LP002006,C313,11/9/2022,Female,No,0,55,Loan,Graduate,No,2507,0,56,360,1,Rural,LP002006,56,Y
LP002008,C314,11/10/2022,Male,Yes,2,55,Loan,Graduate,Yes,5746,0,144,84,,Rural,LP002008,144,Y
LP002024,C315,11/11/2022,,Yes,0,55,Loan,Graduate,No,2473,1843,159,360,1,Rural,LP002024,159,N
LP002031,C316,11/12/2022,Male,Yes,1,55,Loan,Not Graduate,No,3399,1640,111,180,1,Urban,LP002031,111,Y
LP002035,C317,11/13/2022,Male,Yes,2,55,Loan,Graduate,No,3717,0,120,360,1,Semiurban,LP002035,120,Y
LP002036,C318,11/14/2022,Male,Yes,0,55,Loan,Graduate,No,2058,2134,88,360,,Urban,LP002036,88,Y
LP002043,C319,11/15/2022,Female,No,1,55,Loan,Graduate,No,3541,0,112,360,,Semiurban,LP002043,112,Y
LP002050,C320,11/16/2022,Male,Yes,1,55,Loan,Graduate,Yes,10000,0,155,360,1,Rural,LP002050,155,N
LP002051,C321,11/17/2022,Male,Yes,0,55,Loan,Graduate,No,2400,2167,115,360,1,Semiurban,LP002051,115,Y
LP002053,C322,11/18/2022,Male,Yes,3,55,Loan,Graduate,No,4342,189,124,360,1,Semiurban,LP002053,124,Y
LP002054,C323,11/19/2022,Male,Yes,2,55,Loan,Not Graduate,No,3601,1590,,360,1,Rural,LP002054,,Y
LP002055,C324,11/20/2022,Female,No,0,55,Loan,Graduate,No,3166,2985,132,360,,Rural,LP002055,132,Y
LP002065,C325,11/21/2022,Male,Yes,3,55,Loan,Graduate,No,15000,0,300,360,1,Rural,LP002065,300,Y
LP002067,C326,11/22/2022,Male,Yes,1,55,Loan,Graduate,Yes,8666,4983,376,360,0,Rural,LP002067,376,N
LP002068,C327,11/23/2022,Male,No,0,55,Loan,Graduate,No,4917,0,130,360,0,Rural,LP002068,130,Y
LP002082,C328,11/24/2022,Male,Yes,0,55,Loan,Graduate,Yes,5818,2160,184,360,1,Semiurban,LP002082,184,Y
LP002086,C329,11/25/2022,Female,Yes,0,55,Loan,Graduate,No,4333,2451,110,360,1,Urban,LP002086,110,N
LP002087,C330,11/26/2022,Female,No,0,55,Loan,Graduate,No,2500,0,67,360,1,Urban,LP002087,67,Y
LP002097,C331,11/27/2022,Male,No,1,55,Loan,Graduate,No,4384,1793,117,360,1,Urban,LP002097,117,Y
LP002098,C332,11/28/2022,Male,No,0,55,Loan,Graduate,No,2935,0,98,360,1,Semiurban,LP002098,98,Y
LP002100,C333,11/29/2022,Male,No,,55,Loan,Graduate,No,2833,0,71,360,1,Urban,LP002100,71,Y
LP002101,C334,11/30/2022,Male,Yes,0,55,Loan,Graduate,,63337,0,490,180,1,Urban,LP002101,490,Y
LP002103,C335,12/1/2022,,Yes,1,55,Loan,Graduate,Yes,9833,1833,182,180,1,Urban,LP002103,182,Y
LP002106,C336,12/2/2022,Male,Yes,,55,Loan,Graduate,Yes,5503,4490,70,,1,Semiurban,LP002106,70,Y
LP002110,C337,12/3/2022,Male,Yes,1,55,Loan,Graduate,,5250,688,160,360,1,Rural,LP002110,160,Y
LP002112,C338,12/4/2022,Male,Yes,2,55,Loan,Graduate,Yes,2500,4600,176,360,1,Rural,LP002112,176,Y
LP002113,C339,12/5/2022,Female,No,3,55,Loan,Not Graduate,No,1830,0,,360,0,Urban,LP002113,,N
LP002114,C340,12/6/2022,Female,No,0,55,Loan,Graduate,No,4160,0,71,360,1,Semiurban,LP002114,71,Y
LP002115,C341,12/7/2022,Male,Yes,3,55,Loan,Not Graduate,No,2647,1587,173,360,1,Rural,LP002115,173,N
LP002116,C342,12/8/2022,Female,No,0,55,Loan,Graduate,No,2378,0,46,360,1,Rural,LP002116,46,N
LP002119,C343,12/9/2022,Male,Yes,1,55,Loan,Not Graduate,No,4554,1229,158,360,1,Urban,LP002119,158,Y
LP002126,C344,12/10/2022,Male,Yes,3,55,Loan,Not Graduate,No,3173,0,74,360,1,Semiurban,LP002126,74,Y
LP002128,C345,12/11/2022,Male,Yes,2,55,Loan,Graduate,,2583,2330,125,360,1,Rural,LP002128,125,Y
LP002129,C346,12/12/2022,Male,Yes,0,55,Loan,Graduate,No,2499,2458,160,360,1,Semiurban,LP002129,160,Y
LP002130,C347,12/13/2022,Male,Yes,,55,Loan,Not Graduate,No,3523,3230,152,360,0,Rural,LP002130,152,N
LP002131,C348,12/14/2022,Male,Yes,2,55,Loan,Not Graduate,No,3083,2168,126,360,1,Urban,LP002131,126,Y
LP002137,C349,12/15/2022,Male,Yes,0,55,Loan,Graduate,No,6333,4583,259,360,,Semiurban,LP002137,259,Y
LP002138,C350,12/16/2022,Male,Yes,0,55,Loan,Graduate,No,2625,6250,187,360,1,Rural,LP002138,187,Y
LP002139,C351,12/17/2022,Male,Yes,0,55,Loan,Graduate,No,9083,0,228,360,1,Semiurban,LP002139,228,Y
LP002140,C352,12/18/2022,Male,No,0,55,Loan,Graduate,No,8750,4167,308,360,1,Rural,LP002140,308,N
LP002141,C353,12/19/2022,Male,Yes,3,55,Loan,Graduate,No,2666,2083,95,360,1,Rural,LP002141,95,Y
LP002142,C354,12/20/2022,Female,Yes,0,55,Loan,Graduate,Yes,5500,0,105,360,0,Rural,LP002142,105,N
LP002143,C355,12/21/2022,Female,Yes,0,55,Loan,Graduate,No,2423,505,130,360,1,Semiurban,LP002143,130,Y
LP002144,C356,12/22/2022,Female,No,,55,Loan,Graduate,No,3813,0,116,180,1,Urban,LP002144,116,Y
LP002149,C357,12/23/2022,Male,Yes,2,55,Loan,Graduate,No,8333,3167,165,360,1,Rural,LP002149,165,Y
LP002151,C358,12/24/2022,Male,Yes,1,55,Loan,Graduate,No,3875,0,67,360,1,Urban,LP002151,67,N
LP002158,C359,12/25/2022,Male,Yes,0,55,Loan,Not Graduate,No,3000,1666,100,480,0,Urban,LP002158,100,N
LP002160,C360,12/26/2022,Male,Yes,3,55,Loan,Graduate,No,5167,3167,200,360,1,Semiurban,LP002160,200,Y
LP002161,C361,12/27/2022,Female,No,1,55,Loan,Graduate,No,4723,0,81,360,1,Semiurban,LP002161,81,N
LP002170,C362,12/28/2022,Male,Yes,2,55,Loan,Graduate,No,5000,3667,236,360,1,Semiurban,LP002170,236,Y
LP002175,C363,12/29/2022,Male,Yes,0,55,Loan,Graduate,No,4750,2333,130,360,1,Urban,LP002175,130,Y
LP002178,C364,12/30/2022,Male,Yes,0,55,Loan,Graduate,No,3013,3033,95,300,,Urban,LP002178,95,Y
LP002180,C365,12/31/2022,Male,No,0,55,Loan,Graduate,Yes,6822,0,141,360,1,Rural,LP002180,141,Y
LP002181,C366,1/1/2023,Male,No,0,55,Loan,Not Graduate,No,6216,0,133,360,1,Rural,LP002181,133,N
LP002187,C367,1/2/2023,Male,No,0,55,Loan,Graduate,No,2500,0,96,480,1,Semiurban,LP002187,96,N
LP002188,C368,1/3/2023,Male,No,0,55,Loan,Graduate,No,5124,0,124,,0,Rural,LP002188,124,N
LP002190,C369,1/4/2023,Male,Yes,1,55,Loan,Graduate,No,6325,0,175,360,1,Semiurban,LP002190,175,Y
LP002191,C370,1/5/2023,Male,Yes,0,55,Loan,Graduate,No,19730,5266,570,360,1,Rural,LP002191,570,N
LP002194,C371,1/6/2023,Female,No,0,55,Loan,Graduate,Yes,15759,0,55,360,1,Semiurban,LP002194,55,Y
LP002197,C372,1/7/2023,Male,Yes,2,55,Loan,Graduate,No,5185,0,155,360,1,Semiurban,LP002197,155,Y
LP002201,C373,1/8/2023,Male,Yes,2,55,Loan,Graduate,Yes,9323,7873,380,300,1,Rural,LP002201,380,Y
LP002205,C374,1/9/2023,Male,No,1,55,Loan,Graduate,No,3062,1987,111,180,0,Urban,LP002205,111,N
LP002209,C375,1/10/2023,Female,No,0,55,Loan,Graduate,,2764,1459,110,360,1,Urban,LP002209,110,Y
LP002211,C376,1/11/2023,Male,Yes,0,55,Loan,Graduate,No,4817,923,120,180,1,Urban,LP002211,120,Y
LP002219,C377,1/12/2023,Male,Yes,3,55,Loan,Graduate,No,8750,4996,130,360,1,Rural,LP002219,130,Y
LP002223,C378,1/13/2023,Male,Yes,0,55,Loan,Graduate,No,4310,0,130,360,,Semiurban,LP002223,130,Y
LP002224,C379,1/14/2023,Male,No,0,55,Loan,Graduate,No,3069,0,71,480,1,Urban,LP002224,71,N
LP002225,C380,1/15/2023,Male,Yes,2,55,Loan,Graduate,No,5391,0,130,360,1,Urban,LP002225,130,Y
LP002226,C381,1/16/2023,Male,Yes,0,55,Loan,Graduate,,3333,2500,128,360,1,Semiurban,LP002226,128,Y
LP002229,C382,1/17/2023,Male,No,0,55,Loan,Graduate,No,5941,4232,296,360,1,Semiurban,LP002229,296,Y
LP002231,C383,1/18/2023,Female,No,0,55,Loan,Graduate,No,6000,0,156,360,1,Urban,LP002231,156,Y
LP002234,C384,1/19/2023,Male,No,0,28,Loan,Graduate,Yes,7167,0,128,360,1,Urban,LP002234,128,Y
LP002236,C385,1/20/2023,Male,Yes,2,28,Loan,Graduate,No,4566,0,100,360,1,Urban,LP002236,100,N
LP002237,C386,1/21/2023,Male,No,1,28,Loan,Graduate,,3667,0,113,180,1,Urban,LP002237,113,Y
LP002239,C387,1/22/2023,Male,No,0,28,Loan,Not Graduate,No,2346,1600,132,360,1,Semiurban,LP002239,132,Y
LP002243,C388,1/23/2023,Male,Yes,0,28,Loan,Not Graduate,No,3010,3136,,360,0,Urban,LP002243,,N
LP002244,C389,1/24/2023,Male,Yes,0,28,Loan,Graduate,No,2333,2417,136,360,1,Urban,LP002244,136,Y
LP002250,C390,1/25/2023,Male,Yes,0,28,Loan,Graduate,No,5488,0,125,360,1,Rural,LP002250,125,Y
LP002255,C391,1/26/2023,Male,No,3,28,Loan,Graduate,No,9167,0,185,360,1,Rural,LP002255,185,Y
LP002262,C392,1/27/2023,Male,Yes,32,28,Loan,Graduate,No,9504,0,275,360,1,Rural,LP002262,275,Y
LP002263,C393,1/28/2023,Male,Yes,0,28,Loan,Graduate,No,2583,2115,120,360,,Urban,LP002263,120,Y
LP002265,C394,1/29/2023,Male,Yes,2,28,Loan,Not Graduate,No,1993,1625,113,180,1,Semiurban,LP002265,113,Y
LP002266,C395,1/30/2023,Male,Yes,2,28,Loan,Graduate,No,3100,1400,113,360,1,Urban,LP002266,113,Y
LP002272,C396,1/31/2023,Male,Yes,2,28,Loan,Graduate,No,3276,484,135,360,,Semiurban,LP002272,135,Y
LP002277,C397,2/1/2023,Female,No,0,28,Loan,Graduate,No,3180,0,71,360,0,Urban,LP002277,71,N
LP002281,C398,2/2/2023,Male,Yes,0,28,Loan,Graduate,No,3033,1459,95,360,1,Urban,LP002281,95,Y
LP002284,C399,2/3/2023,Male,No,0,28,Loan,Not Graduate,No,3902,1666,109,360,1,Rural,LP002284,109,Y
LP002287,C400,2/4/2023,Female,No,0,28,Loan,Graduate,No,1500,1800,103,360,0,Semiurban,LP002287,103,N
LP002288,C401,2/5/2023,Male,Yes,2,28,Loan,Not Graduate,No,2889,0,45,180,0,Urban,LP002288,45,N
LP002296,C402,2/6/2023,Male,No,0,28,Loan,Not Graduate,No,2755,0,65,300,1,Rural,LP002296,65,N
LP002297,C403,2/7/2023,Male,No,0,28,Loan,Graduate,No,2500,20000,103,360,1,Semiurban,LP002297,103,Y
LP002300,C404,2/8/2023,Female,No,0,28,Loan,Not Graduate,No,1963,0,53,360,1,Semiurban,LP002300,53,Y
LP002301,C405,2/9/2023,Female,No,0,28,Loan,Graduate,Yes,7441,0,194,360,1,Rural,LP002301,194,N
LP002305,C406,2/10/2023,Female,No,0,28,Loan,Graduate,No,4547,0,115,360,1,Semiurban,LP002305,115,Y
LP002308,C407,2/11/2023,Male,Yes,0,28,Loan,Not Graduate,No,2167,2400,115,360,1,Urban,LP002308,115,Y
LP002314,C408,2/12/2023,Female,No,0,28,Loan,Not Graduate,No,2213,0,66,360,1,Rural,LP002314,66,Y
LP002315,C409,2/13/2023,Male,Yes,1,28,Loan,Graduate,No,8300,0,152,300,0,Semiurban,LP002315,152,N
LP002317,C410,2/14/2023,Male,Yes,18,28,Loan,Graduate,No,81000,0,360,360,0,Rural,LP002317,360,N
LP002318,C411,2/15/2023,Female,No,1,28,Loan,Not Graduate,Yes,3867,0,62,360,1,Semiurban,LP002318,62,N
LP002319,C412,2/16/2023,Male,Yes,0,28,Loan,Graduate,,6256,0,160,360,,Urban,LP002319,160,Y
LP002328,C413,2/17/2023,Male,Yes,0,28,Loan,Not Graduate,No,6096,0,218,360,0,Rural,LP002328,218,N
LP002332,C414,2/18/2023,Male,Yes,0,28,Loan,Not Graduate,No,2253,2033,110,360,1,Rural,LP002332,110,Y
LP002335,C415,2/19/2023,Female,Yes,0,28,Loan,Not Graduate,No,2149,3237,178,360,0,Semiurban,LP002335,178,N
LP002337,C416,2/20/2023,Female,No,0,28,Loan,Graduate,No,2995,0,60,360,1,Urban,LP002337,60,Y
LP002341,C417,2/21/2023,Female,No,1,28,Loan,Graduate,No,2600,0,160,360,1,Urban,LP002341,160,N
LP002342,C418,2/22/2023,Male,Yes,2,28,Loan,Graduate,Yes,1600,20000,239,360,1,Urban,LP002342,239,N
LP002345,C419,2/23/2023,Male,Yes,0,28,Loan,Graduate,No,1025,2773,112,360,1,Rural,LP002345,112,Y
LP002347,C420,2/24/2023,Male,Yes,0,28,Loan,Graduate,No,3246,1417,138,360,1,Semiurban,LP002347,138,Y
LP002348,C421,2/25/2023,Male,Yes,0,28,Loan,Graduate,No,5829,0,138,360,1,Rural,LP002348,138,Y
LP002357,C422,2/26/2023,Female,No,0,28,Loan,Not Graduate,No,2720,0,80,,0,Urban,LP002357,80,N
LP002361,C423,2/27/2023,Male,Yes,0,28,Loan,Graduate,No,1820,1719,100,360,1,Urban,LP002361,100,Y
LP002362,C424,2/28/2023,Male,Yes,1,28,Loan,Graduate,No,7250,1667,110,,0,Urban,LP002362,110,N
LP002364,C425,8/18/2023,Male,Yes,0,28,Loan,Graduate,No,14880,0,96,360,1,Semiurban,LP002364,96,Y
LP002366,C426,8/18/2023,Male,Yes,0,28,Loan,Graduate,No,2666,4300,121,360,1,Rural,LP002366,121,Y
LP002367,C427,8/18/2023,Female,No,1,28,Loan,Not Graduate,No,4606,0,81,360,1,Rural,LP002367,81,N
LP002368,C428,3/4/2023,Male,Yes,2,28,Loan,Graduate,No,5935,0,133,360,1,Semiurban,LP002368,133,Y
LP002369,C429,3/5/2023,Male,Yes,0,28,Loan,Graduate,No,2920,16.12000084,87,360,1,Rural,LP002369,87,Y
LP002370,C430,3/6/2023,Male,No,0,28,Loan,Not Graduate,No,2717,0,60,180,1,Urban,LP002370,60,Y
LP002377,C431,3/7/2023,Female,No,1,28,Loan,Graduate,Yes,8624,0,150,360,1,Semiurban,LP002377,150,Y
LP002379,C432,3/8/2023,Male,No,0,28,Loan,Graduate,No,6500,0,105,360,0,Rural,LP002379,105,N
LP002386,C433,3/9/2023,Male,No,0,28,Loan,Graduate,,12876,0,405,360,1,Semiurban,LP002386,405,Y
LP002387,C434,3/10/2023,Male,Yes,0,28,Loan,Graduate,No,2425,2340,143,360,1,Semiurban,LP002387,143,Y
LP002390,C435,3/11/2023,Male,No,0,28,Loan,Graduate,No,3750,0,100,360,1,Urban,LP002390,100,Y
LP002393,C436,3/12/2023,Female,,,28,Loan,Graduate,No,10047,0,,240,1,Semiurban,LP002393,,Y
LP002398,C437,3/13/2023,Male,No,0,28,Loan,Graduate,No,1926,1851,50,360,1,Semiurban,LP002398,50,Y
LP002401,C438,3/14/2023,Male,Yes,0,28,Loan,Graduate,No,2213,1125,,360,1,Urban,LP002401,,Y
LP002403,C439,3/15/2023,Male,No,0,28,Loan,Graduate,Yes,10416,0,187,360,0,Urban,LP002403,187,N
LP002407,C440,3/16/2023,Female,Yes,0,28,Loan,Not Graduate,Yes,7142,0,138,360,1,Rural,LP002407,138,Y
LP002408,C441,3/17/2023,Male,No,0,28,Loan,Graduate,No,3660,5064,187,360,1,Semiurban,LP002408,187,Y
LP002409,C442,3/18/2023,Male,Yes,0,28,Loan,Graduate,No,7901,1833,180,360,1,Rural,LP002409,180,Y
LP002418,C443,3/19/2023,Male,No,12,28,Loan,Not Graduate,No,4707,1993,148,360,1,Semiurban,LP002418,148,Y
LP002422,C444,3/20/2023,Male,No,1,28,Loan,Graduate,No,37719,0,152,360,1,Semiurban,LP002422,152,Y
LP002424,C445,3/21/2023,Male,Yes,0,28,Loan,Graduate,No,7333,8333,175,300,,Rural,LP002424,175,Y
LP002429,C446,3/22/2023,Male,Yes,1,28,Loan,Graduate,Yes,3466,1210,130,360,1,Rural,LP002429,130,Y
LP002434,C447,3/23/2023,Male,Yes,2,28,Loan,Not Graduate,No,4652,0,110,360,1,Rural,LP002434,110,Y
LP002435,C448,3/24/2023,Male,Yes,0,28,Loan,Graduate,,3539,1376,55,360,1,Rural,LP002435,55,N
LP002443,C449,3/25/2023,Male,Yes,2,28,Loan,Graduate,No,3340,1710,150,360,0,Rural,LP002443,150,N
LP002444,C450,3/26/2023,Male,No,1,28,Loan,Not Graduate,Yes,2769,1542,190,360,,Semiurban,LP002444,190,N
LP002446,C451,3/27/2023,Male,Yes,2,28,Loan,Not Graduate,No,2309,1255,125,360,0,Rural,LP002446,125,N
LP002447,C452,3/28/2023,Male,Yes,2,28,Loan,Not Graduate,No,1958,1456,60,300,,Urban,LP002447,60,Y
LP002448,C453,3/29/2023,Male,Yes,0,28,Loan,Graduate,No,3948,1733,149,360,0,Rural,LP002448,149,N
LP002449,C454,3/30/2023,Male,Yes,0,28,Loan,Graduate,No,2483,2466,90,180,0,Rural,LP002449,90,Y
LP002453,C455,3/31/2023,Male,No,0,28,Loan,Graduate,Yes,7085,0,84,360,1,Semiurban,LP002453,84,Y
LP002455,C456,4/1/2023,Male,Yes,2,28,Loan,Graduate,No,3859,0,96,360,1,Semiurban,LP002455,96,Y
LP002459,C457,4/2/2023,Male,Yes,0,28,Loan,Graduate,No,4301,0,118,360,1,Urban,LP002459,118,Y
LP002467,C458,4/3/2023,Male,Yes,0,110,Loan,Graduate,No,3708,2569,173,360,1,Urban,LP002467,173,N
LP002472,C459,4/4/2023,Male,No,2,115,Loan,Graduate,No,4354,0,136,360,1,Rural,LP002472,136,Y
LP002473,C460,4/5/2023,Male,Yes,0,180,Loan,Graduate,No,8334,0,160,360,1,Semiurban,LP002473,160,N
LP002478,C461,4/6/2023,,Yes,0,23,Loan,Graduate,Yes,2083,4083,160,360,,Semiurban,LP002478,160,Y
LP002484,C462,4/7/2023,Male,Yes,4,23,Loan,Graduate,No,7740,0,128,180,1,Urban,LP002484,128,Y
LP002487,C463,4/8/2023,Male,Yes,0,23,Loan,Graduate,No,3015,2188,153,360,1,Rural,LP002487,153,Y
LP002489,C464,4/9/2023,Female,No,1,23,Loan,Not Graduate,,5191,0,132,360,1,Semiurban,LP002489,132,Y
LP002493,C465,4/10/2023,Male,No,0,23,Loan,Graduate,No,4166,0,98,360,0,Semiurban,LP002493,98,N
LP002494,C466,4/11/2023,Male,No,0,23,Loan,Graduate,No,6000,0,140,360,1,Rural,LP002494,140,Y
LP002500,C467,4/12/2023,Male,Yes,4,23,Loan,Not Graduate,No,2947,1664,70,180,0,Urban,LP002500,70,N
LP002501,C468,4/13/2023,,Yes,0,23,Loan,Graduate,No,16692,0,110,360,1,Semiurban,LP002501,110,Y
LP002502,C469,4/14/2023,Female,Yes,2,23,Loan,Not Graduate,,210,2917,98,360,1,Semiurban,LP002502,98,Y
LP002505,C470,4/15/2023,Male,Yes,0,23,Loan,Graduate,No,4333,2451,110,360,1,Urban,LP002505,110,N
LP002515,C471,4/16/2023,Male,Yes,1,23,Loan,Graduate,Yes,3450,2079,162,360,1,Semiurban,LP002515,162,Y
LP002517,C472,4/17/2023,Male,Yes,1,23,Loan,Not Graduate,No,2653,1500,113,180,0,Rural,LP002517,113,N
LP002519,C473,4/18/2023,Male,Yes,4,23,Loan,Graduate,No,4691,0,100,360,1,Semiurban,LP002519,100,Y
LP002522,C474,4/19/2023,Female,No,0,23,Loan,Graduate,Yes,2500,0,93,360,,Urban,LP002522,93,Y
LP002524,C475,4/20/2023,Male,No,2,23,Loan,Graduate,No,5532,4648,162,360,1,Rural,LP002524,162,Y
LP002527,C476,4/21/2023,Male,Yes,2,23,Loan,Graduate,Yes,16525,1014,150,360,1,Rural,LP002527,150,Y
LP002529,C477,4/22/2023,Male,Yes,2,23,Loan,Graduate,No,6700,1750,230,300,1,Semiurban,LP002529,230,Y
LP002530,C478,4/23/2023,,Yes,2,23,Loan,Graduate,No,2873,1872,132,360,0,Semiurban,LP002530,132,N
LP002531,C479,4/24/2023,Male,Yes,1,23,Loan,Graduate,Yes,16667,2250,86,360,1,Semiurban,LP002531,86,Y
LP002533,C480,4/25/2023,Male,Yes,2,23,Loan,Graduate,No,2947,1603,,360,1,Urban,LP002533,,N
LP002534,C481,4/26/2023,Female,No,0,23,Loan,Not Graduate,No,4350,0,154,360,1,Rural,LP002534,154,Y
LP002536,C482,4/27/2023,Male,Yes,4,23,Loan,Not Graduate,No,3095,0,113,360,1,Rural,LP002536,113,Y
LP002537,C483,4/28/2023,Male,Yes,0,23,Loan,Graduate,No,2083,3150,128,360,1,Semiurban,LP002537,128,Y
LP002541,C484,4/29/2023,Male,Yes,0,23,Loan,Graduate,No,10833,0,234,360,1,Semiurban,LP002541,234,Y
LP002543,C485,4/30/2023,Male,Yes,2,23,Loan,Graduate,No,8333,0,246,360,1,Semiurban,LP002543,246,Y
LP002544,C486,5/1/2023,Male,Yes,1,23,Loan,Not Graduate,No,1958,2436,131,360,1,Rural,LP002544,131,Y
LP002545,C487,5/2/2023,Male,No,2,23,Loan,Graduate,No,3547,0,80,360,0,Rural,LP002545,80,N
LP002547,C488,5/3/2023,Male,Yes,1,23,Loan,Graduate,No,18333,0,500,360,1,Urban,LP002547,500,N
LP002555,C489,5/4/2023,Male,Yes,2,23,Loan,Graduate,Yes,4583,2083,160,360,1,Semiurban,LP002555,160,Y
LP002556,C490,5/5/2023,Male,No,0,23,Loan,Graduate,No,2435,0,75,360,1,Urban,LP002556,75,N
LP002560,C491,5/6/2023,Male,No,0,23,Loan,Not Graduate,No,2699,2785,96,360,,Semiurban,LP002560,96,Y
LP002562,C492,5/7/2023,Male,Yes,1,23,Loan,Not Graduate,No,5333,1131,186,360,,Urban,LP002562,186,Y
LP002571,C493,5/8/2023,Male,No,0,23,Loan,Not Graduate,No,3691,0,110,360,1,Rural,LP002571,110,Y
LP002582,C494,5/9/2023,Female,No,0,23,Loan,Not Graduate,Yes,17263,0,225,360,1,Semiurban,LP002582,225,Y
LP002585,C495,5/10/2023,Male,Yes,0,23,Loan,Graduate,No,3597,2157,119,360,0,Rural,LP002585,119,N
LP002586,C496,5/11/2023,Female,Yes,1,23,Loan,Graduate,No,3326,913,105,84,1,Semiurban,LP002586,105,Y
LP002587,C497,5/12/2023,Male,Yes,0,23,Loan,Not Graduate,No,2600,1700,107,360,1,Rural,LP002587,107,Y
LP002588,C498,5/13/2023,Male,Yes,0,23,Loan,Graduate,No,4625,2857,111,12,,Urban,LP002588,111,Y
LP002600,C499,8/16/2023,Male,Yes,1,23,Loan,Graduate,Yes,2895,0,95,360,1,Semiurban,LP002600,95,Y
LP002602,C500,8/16/2023,Male,No,0,23,Loan,Graduate,No,6283,4416,209,360,0,Rural,LP002602,209,N
LP002603,C501,8/16/2023,Female,No,0,23,Loan,Graduate,No,645,3683,113,480,1,Rural,LP002603,113,Y
LP002606,C502,8/16/2023,Female,No,0,23,Loan,Graduate,No,3159,0,100,360,1,Semiurban,LP002606,100,Y
LP002615,C503,5/18/2023,Male,Yes,2,23,Loan,Graduate,No,4865,5624,208,360,1,Semiurban,LP002615,208,Y
LP002618,C504,5/19/2023,Male,Yes,1,23,Loan,Not Graduate,No,4050,5302,138,360,,Rural,LP002618,138,N
LP002619,C505,5/20/2023,Male,Yes,0,23,Loan,Not Graduate,No,3814,1483,124,300,1,Semiurban,LP002619,124,Y
LP002622,C506,8/17/2023,Male,Yes,2,23,Loan,Graduate,No,3510,4416,243,360,1,Rural,LP002622,243,Y
LP002624,C507,8/17/2023,Male,Yes,0,23,Loan,Graduate,No,20833,6667,480,360,,Urban,LP002624,480,Y
LP002625,C508,8/17/2023,,No,0,23,Loan,Graduate,No,3583,0,96,360,1,Urban,LP002625,96,N
LP002626,C509,5/24/2023,Male,Yes,0,23,Loan,Graduate,Yes,2479,3013,188,360,1,Urban,LP002626,188,Y
LP002634,C510,5/25/2023,Female,No,1,23,Loan,Graduate,No,13262,0,40,360,1,Urban,LP002634,40,Y
LP002637,C511,5/26/2023,Male,No,0,23,Loan,Not Graduate,No,3598,1287,100,360,1,Rural,LP002637,100,N
LP002640,C512,5/27/2023,Male,Yes,1,23,Loan,Graduate,No,6065,2004,250,360,1,Semiurban,LP002640,250,Y
LP002643,C513,5/28/2023,Male,Yes,2,23,Loan,Graduate,No,3283,2035,148,360,1,Urban,LP002643,148,Y
LP002648,C514,8/16/2023,Male,Yes,0,23,Loan,Graduate,No,2130,6666,70,180,1,Semiurban,LP002648,70,N
LP002652,C515,8/17/2023,Male,No,0,23,Loan,Graduate,No,5815,3666,311,360,1,Rural,LP002652,311,N
LP002659,C516,8/18/2023,Male,Yes,4,23,Loan,Graduate,No,3466,3428,150,360,1,Rural,LP002659,150,Y
LP002670,C517,8/19/2023,Female,Yes,2,23,Loan,Graduate,No,2031,1632,113,480,1,Semiurban,LP002670,113,Y
LP002682,C518,8/20/2023,Male,Yes,,23,Loan,Not Graduate,No,3074,1800,123,360,0,Semiurban,LP002682,123,N
LP002683,C519,8/21/2023,Male,No,0,23,Loan,Graduate,No,4683,1915,185,360,1,Semiurban,LP002683,185,N
LP002684,C520,8/22/2023,Female,No,0,23,Loan,Not Graduate,No,3400,0,95,360,1,Rural,LP002684,95,N
LP002689,C521,6/5/2023,Male,Yes,2,23,Loan,Not Graduate,No,2192,1742,45,360,1,Semiurban,LP002689,45,Y
LP002690,C522,6/6/2023,Male,No,0,23,Loan,Graduate,No,2500,0,55,360,1,Semiurban,LP002690,55,Y
LP002692,C523,6/7/2023,Male,Yes,4,41,Loan,Graduate,Yes,5677,1424,100,360,1,Rural,LP002692,100,Y
LP002693,C524,6/8/2023,Male,Yes,2,41,Loan,Graduate,Yes,7948,7166,480,360,1,Rural,LP002693,480,Y
LP002697,C525,6/9/2023,Male,No,0,41,Loan,Graduate,No,4680,2087,,360,1,Semiurban,LP002697,,N
LP002699,C526,6/10/2023,Male,Yes,2,41,Loan,Graduate,Yes,17500,0,400,360,1,Rural,LP002699,400,Y
LP002705,C527,6/11/2023,Male,Yes,0,41,Loan,Graduate,No,3775,0,110,360,1,Semiurban,LP002705,110,Y
LP002706,C528,6/12/2023,Male,Yes,1,41,Loan,Not Graduate,No,5285,1430,161,360,0,Semiurban,LP002706,161,Y
LP002714,C529,6/13/2023,Male,No,1,41,Loan,Not Graduate,No,2679,1302,94,360,1,Semiurban,LP002714,94,Y
LP002716,C530,6/14/2023,Male,No,0,41,Loan,Not Graduate,No,6783,0,130,360,1,Semiurban,LP002716,130,Y
LP002717,C531,6/15/2023,Male,Yes,0,41,Loan,Graduate,No,1025,5500,216,360,,Rural,LP002717,216,Y
LP002720,C532,6/16/2023,Male,Yes,4,41,Loan,Graduate,No,4281,0,100,360,1,Urban,LP002720,100,Y
LP002723,C533,6/17/2023,Male,No,2,41,Loan,Graduate,No,3588,0,110,360,0,Rural,LP002723,110,N
LP002729,C534,6/18/2023,Male,No,1,41,Loan,Graduate,No,11250,0,196,360,,Semiurban,LP002729,196,N
LP002731,C535,6/19/2023,Female,No,0,41,Loan,Not Graduate,Yes,18165,0,125,360,1,Urban,LP002731,125,Y
LP002732,C536,6/20/2023,Male,No,0,41,Loan,Not Graduate,,2550,2042,126,360,1,Rural,LP002732,126,Y
LP002734,C537,6/21/2023,Male,Yes,0,41,Loan,Graduate,No,6133,3906,324,360,1,Urban,LP002734,324,Y
LP002738,C538,6/22/2023,Male,No,2,41,Loan,Graduate,No,3617,0,107,360,1,Semiurban,LP002738,107,Y
LP002739,C539,6/23/2023,Male,Yes,0,41,Loan,Not Graduate,No,2917,536,66,360,1,Rural,LP002739,66,N
LP002740,C540,6/24/2023,Male,Yes,4,41,Loan,Graduate,No,6417,0,157,180,1,Rural,LP002740,157,Y
LP002741,C541,6/25/2023,Female,Yes,1,41,Loan,Graduate,No,4608,2845,140,180,1,Semiurban,LP002741,140,Y
LP002743,C542,6/26/2023,Female,No,0,41,Loan,Graduate,No,2138,0,99,360,0,Semiurban,LP002743,99,N
LP002753,C543,6/27/2023,Female,No,1,41,Loan,Graduate,,3652,0,95,360,1,Semiurban,LP002753,95,Y
LP002755,C544,6/28/2023,Male,Yes,1,41,Loan,Not Graduate,No,2239,2524,128,360,1,Urban,LP002755,128,Y
LP002757,C545,6/29/2023,Female,Yes,0,41,Loan,Not Graduate,No,3017,663,102,360,,Semiurban,LP002757,102,Y
LP002767,C546,6/30/2023,Male,Yes,0,41,Loan,Graduate,No,2768,1950,155,360,1,Rural,LP002767,155,Y
LP002768,C547,7/1/2023,Male,No,0,41,Loan,Not Graduate,No,3358,0,80,36,1,Semiurban,LP002768,80,N
LP002772,C548,7/2/2023,Male,No,0,41,Loan,Graduate,No,2526,1783,145,360,1,Rural,LP002772,145,Y
LP002776,C549,7/3/2023,Female,No,0,41,Loan,Graduate,No,5000,0,103,360,0,Semiurban,LP002776,103,N
LP002777,C550,7/4/2023,Male,Yes,0,41,Loan,Graduate,No,2785,2016,110,360,1,Rural,LP002777,110,Y
LP002778,C551,7/5/2023,Male,Yes,2,41,Loan,Graduate,Yes,6633,0,,360,0,Rural,LP002778,,N
LP002784,C552,7/6/2023,Male,Yes,1,41,Loan,Not Graduate,No,2492,2375,,360,1,Rural,LP002784,,Y
LP002785,C553,7/7/2023,Male,Yes,1,41,Loan,Graduate,No,3333,3250,158,360,1,Urban,LP002785,158,Y
LP002788,C554,7/8/2023,Male,Yes,0,41,Loan,Not Graduate,No,2454,2333,181,360,0,Urban,LP002788,181,N
LP002789,C555,7/9/2023,Male,Yes,0,41,Loan,Graduate,No,3593,4266,132,180,0,Rural,LP002789,132,N
LP002792,C556,7/10/2023,Male,Yes,1,41,Loan,Graduate,No,5468,1032,26,360,1,Semiurban,LP002792,26,Y
LP002794,C557,7/11/2023,Female,No,0,41,Loan,Graduate,No,2667,1625,84,360,,Urban,LP002794,84,Y
LP002795,C558,7/12/2023,Male,Yes,4,41,Loan,Graduate,Yes,10139,0,260,360,1,Semiurban,LP002795,260,Y
LP002798,C559,7/13/2023,Male,Yes,0,41,Loan,Graduate,No,3887,2669,162,360,1,Semiurban,LP002798,162,Y
LP002804,C560,7/14/2023,Female,Yes,0,41,Loan,Graduate,No,4180,2306,182,360,1,Semiurban,LP002804,182,Y
LP002807,C561,8/16/2023,Male,Yes,2,41,Loan,Not Graduate,No,3675,242,108,360,1,Semiurban,LP002807,108,Y
LP002813,C562,8/17/2023,Female,Yes,1,41,Loan,Graduate,Yes,19484,0,600,360,1,Semiurban,LP002813,600,Y
LP002820,C563,8/18/2023,Male,Yes,0,41,Loan,Graduate,No,5923,2054,211,360,1,Rural,LP002820,211,Y
LP002821,C564,8/19/2023,Male,No,0,41,Loan,Not Graduate,Yes,5800,0,132,360,1,Semiurban,LP002821,132,Y
LP002832,C565,8/20/2023,Male,Yes,2,41,Loan,Graduate,No,8799,0,258,360,0,Urban,LP002832,258,N
LP002833,C566,8/21/2023,Male,Yes,0,41,Loan,Not Graduate,No,4467,0,120,360,,Rural,LP002833,120,Y
LP002836,C567,8/22/2023,Male,No,0,41,Loan,Graduate,No,3333,0,70,360,1,Urban,LP002836,70,Y
LP002837,C568,7/22/2023,Male,Yes,4,41,Loan,Graduate,No,3400,2500,123,360,0,Rural,LP002837,123,N
LP002840,C569,7/23/2023,Female,No,0,41,Loan,Graduate,No,2378,0,9,360,1,Urban,LP002840,9,N
LP002841,C570,7/24/2023,Male,Yes,0,41,Loan,Graduate,No,3166,2064,104,360,0,Urban,LP002841,104,N
LP002842,C571,7/25/2023,Male,Yes,1,41,Loan,Graduate,No,3417,1750,186,360,1,Urban,LP002842,186,Y
LP002847,C572,7/26/2023,Male,Yes,,41,Loan,Graduate,No,5116,1451,165,360,0,Urban,LP002847,165,N
LP002855,C573,7/27/2023,Male,Yes,2,41,Loan,Graduate,No,16666,0,275,360,1,Urban,LP002855,275,Y
LP002862,C574,7/28/2023,Male,Yes,2,41,Loan,Not Graduate,No,6125,1625,187,480,1,Semiurban,LP002862,187,N
LP002863,C575,7/29/2023,Male,Yes,4,41,Loan,Graduate,No,6406,0,150,360,1,Semiurban,LP002863,150,N
LP002868,C576,7/30/2023,Male,Yes,2,41,Loan,Graduate,No,3159,461,108,84,1,Urban,LP002868,108,Y
LP002872,C577,7/31/2023,,Yes,0,41,Loan,Graduate,No,3087,2210,136,360,0,Semiurban,LP002872,136,N
LP002874,C578,8/1/2023,Male,No,0,41,Loan,Graduate,No,3229,2739,110,360,1,Urban,LP002874,110,Y
LP002877,C579,8/2/2023,Male,Yes,1,41,Loan,Graduate,No,1782,2232,107,360,1,Rural,LP002877,107,Y
LP002888,C580,8/3/2023,Male,No,0,41,Loan,Graduate,,3182,2917,161,360,1,Urban,LP002888,161,Y
LP002892,C581,8/4/2023,Male,Yes,2,41,Loan,Graduate,No,6540,0,205,360,1,Semiurban,LP002892,205,Y
LP002893,C582,8/5/2023,Male,No,0,41,Loan,Graduate,No,1836,33837,90,360,1,Urban,LP002893,90,N
LP002894,C583,8/6/2023,Female,Yes,0,41,Loan,Graduate,No,3166,0,36,360,1,Semiurban,LP002894,36,Y
LP002898,C584,8/7/2023,Male,Yes,1,41,Loan,Graduate,No,1880,0,61,360,,Rural,LP002898,61,N
LP002911,C585,8/8/2023,Male,Yes,1,41,Loan,Graduate,No,2787,1917,146,360,0,Rural,LP002911,146,N
LP002912,C586,8/9/2023,Male,Yes,1,41,Loan,Graduate,No,4283,3000,172,84,1,Rural,LP002912,172,N
LP002916,C587,8/10/2023,Male,Yes,0,41,Loan,Graduate,No,2297,1522,104,360,1,Urban,LP002916,104,Y
LP002917,C588,8/11/2023,Female,No,0,41,Loan,Not Graduate,No,2165,0,70,360,1,Semiurban,LP002917,70,Y
LP002925,C589,8/12/2023,,No,0,41,Loan,Graduate,No,4750,0,94,360,1,Semiurban,LP002925,94,Y
LP002926,C590,8/13/2023,Male,Yes,2,41,Loan,Graduate,Yes,2726,0,106,360,0,Semiurban,LP002926,106,N
LP002928,C591,8/14/2023,Male,Yes,0,41,Loan,Graduate,No,3000,3416,56,180,1,Semiurban,LP002928,56,Y
LP002931,C592,8/15/2023,Male,Yes,2,41,Loan,Graduate,Yes,6000,0,205,240,1,Semiurban,LP002931,205,N
LP002933,C593,8/16/2023,,No,4,41,Loan,Graduate,Yes,9357,0,292,360,1,Semiurban,LP002933,292,Y
LP002936,C594,8/17/2023,Male,Yes,0,41,Loan,Graduate,No,3859,3300,142,180,1,Rural,LP002936,142,Y
LP002938,C595,8/18/2023,Male,Yes,0,41,Loan,Graduate,Yes,16120,0,260,360,1,Urban,LP002938,260,Y
LP002940,C596,8/19/2023,Male,No,0,41,Loan,Not Graduate,No,3833,0,110,360,1,Rural,LP002940,110,Y
LP002941,C597,8/20/2023,Male,Yes,2,41,Loan,Not Graduate,Yes,6383,1000,187,360,1,Rural,LP002941,187,N
LP002943,C598,8/21/2023,Male,No,,41,Loan,Graduate,No,2987,0,88,360,0,Semiurban,LP002943,88,N
LP002945,C599,8/22/2023,Male,Yes,0,41,Loan,Graduate,Yes,9963,0,180,360,1,Rural,LP002945,180,Y
LP002948,C600,8/16/2023,Male,Yes,2,41,Loan,Graduate,No,5780,0,192,360,1,Urban,LP002948,192,Y
LP002949,C601,8/17/2023,Female,No,100,41,Loan,Graduate,,416,41667,350,180,,Urban,LP002949,350,N
LP002950,C602,8/18/2023,Male,Yes,0,41,Loan,Not Graduate,,2894,2792,155,360,1,Rural,LP002950,155,Y
LP002953,C603,8/19/2023,Male,Yes,5,41,Loan,Graduate,No,5703,0,128,360,1,Urban,LP002953,128,Y
LP002958,C604,8/20/2023,Male,No,0,41,Loan,Graduate,No,3676,4301,172,360,1,Rural,LP002958,172,Y
LP002959,C605,8/21/2023,Female,Yes,1,41,Loan,Graduate,No,12000,0,496,360,1,Semiurban,LP002959,496,Y
LP002960,C606,8/22/2023,Male,Yes,0,41,Loan,Not Graduate,No,2400,3800,,180,1,Urban,LP002960,,N
LP002961,C607,8/16/2023,Male,Yes,1,41,Loan,Graduate,No,3400,2500,173,360,1,Semiurban,LP002961,173,Y
LP002964,C608,8/17/2023,Male,Yes,2,41,Loan,Not Graduate,No,3987,1411,157,360,1,Rural,LP002964,157,Y
LP002974,C609,8/18/2023,Male,Yes,0,41,Loan,Graduate,No,3232,1950,108,360,1,Rural,LP002974,108,Y
LP002978,C610,8/19/2023,Female,No,0,41,Loan,Graduate,No,2900,0,71,360,1,Rural,LP002978,71,Y
LP002979,C611,8/20/2023,Male,Yes,5,41,Loan,Graduate,No,4106,0,40,180,1,Rural,LP002979,40,Y
LP002983,C612,8/21/2023,Male,Yes,1,41,Loan,Graduate,No,8072,240,253,360,1,Urban,LP002983,253,Y
LP002984,C613,8/22/2023,Male,Yes,2,41,Loan,Graduate,No,7583,0,187,360,1,Urban,LP002984,187,Y
LP002990,C614,9/6/2023,Female,No,0,41,Loan,Graduate,Yes,4583,0,133,360,0,Semiurban,LP002990,133,N
